{
    "name": "ThingSpeak", 
    "version": "1.5.0", 
    "keywords": [
        "communication"
    ], 
    "description": "ThingSpeak Communication Library for Arduino, ESP8266 & EPS32", 
    "frameworks": [
        "arduino"
    ], 
    "platforms": [
        "atmelavr", 
        "espressif8266", 
        "atmelsam", 
        "espressif32"
    ], 
    "authors": [
        {
            "email": "support@thingspeak.com", 
            "url": null, 
            "maintainer": true, 
            "name": "MathWorks"
        }
    ], 
    "repository": {
        "type": "git", 
        "url": "https://github.com/mathworks/thingspeak-arduino"
    }, 
    "homepage": "https://www.thingspeak.com/", 
    "export": {
        "include": null, 
        "exclude": [
            "extras", 
            "docs", 
            "tests", 
            "test", 
            "*.doxyfile", 
            "*.pdf"
        ]
    }, 
    "id": 550
}