{
    "description": "This is a library for abstracting away UART, I2C and SPI interfacing", 
    "repository": {
        "url": "https://github.com/adafruit/Adafruit_BusIO", 
        "type": "git"
    }, 
    "platforms": [
        "atmelavr", 
        "atmelmegaavr", 
        "atmelsam", 
        "espressif32", 
        "espressif8266", 
        "gd32v", 
        "infineonxmc", 
        "intel_arc32", 
        "kendryte210", 
        "microchippic32", 
        "nordicnrf51", 
        "nordicnrf52", 
        "ststm32", 
        "ststm8", 
        "teensy", 
        "timsp430"
    ], 
    "export": {
        "exclude": [
            "extras", 
            "docs", 
            "tests", 
            "test", 
            "*.doxyfile", 
            "*.pdf"
        ], 
        "include": null
    }, 
    "authors": [
        {
            "maintainer": true, 
            "name": "Adafruit", 
            "url": null, 
            "email": "info@adafruit.com"
        }
    ], 
    "keywords": [
        "input", 
        "signal", 
        "output"
    ], 
    "id": 6214, 
    "name": "Adafruit BusIO", 
    "frameworks": [
        "arduino"
    ], 
    "version": "1.3.2", 
    "homepage": null
}